ds,y_pred,yhat_lower,yhat_upper,y_true,cod_mun
1999-01-01,0.1711554961142783,0.0,1.3050569898130426,0.0,3544301
1999-02-01,0.17046364081952411,0.0,1.3616193398361534,0.0,3544301
1999-03-01,0.20008883223044488,0.0,1.322810348171853,0.0,3544301
1999-04-01,0.16321764504867414,0.0,1.3716742421345194,0.0,3544301
1999-05-01,0.16269502787613307,0.0,1.4154653831782615,0.0,3544301
1999-06-01,0.16096354825189838,0.0,1.355661993363487,0.0,3544301
1999-07-01,0.1863786661969822,0.0,1.4575298542638342,0.0,3544301
1999-08-01,0.1378941666425873,0.0,1.3189089248485546,0.0,3544301
1999-09-01,0.12472970618439408,0.0,1.4012405897549733,0.0,3544301
1999-10-01,0.11828801097408202,0.0,1.3834943642386102,0.0,3544301
1999-11-01,0.1074046895969221,0.0,1.282748957252083,0.0,3544301
1999-12-01,0.14524320442865896,0.0,1.3125254225527312,0.0,3544301
2000-01-01,0.14752060001055659,0.0,1.3460363155904278,0.0,3544301
2000-02-01,0.1468296029633114,0.0,1.3016062286968864,0.0,3544301
2000-03-01,0.17346328560530108,0.0,1.3267942205646808,0.0,3544301
2000-04-01,0.1402423355087529,0.0,1.377045921045542,0.0,3544301
2000-05-01,0.13837405818807955,0.0,1.3516389214587,0.0,3544301
2000-06-01,0.13574766260463048,0.0,1.3182223284673136,0.0,3544301
2000-07-01,0.15929705036984945,0.0,1.3897284814853539,0.0,3544301
2000-08-01,0.11760518636646271,0.0,1.3081183725724452,0.0,3544301
2000-09-01,0.10575035720423107,0.0,1.321694949130638,0.0,3544301
2000-10-01,0.10049205187988047,0.0,1.3741983471724408,0.0,3544301
2000-11-01,0.09021252271611852,0.0,1.3400489708471022,0.0,3544301
2000-12-01,0.12230087944389252,0.0,1.3222277671926719,0.0,3544301
2001-01-01,0.12410909677252226,0.0,1.2436131004262343,0.0,3544301
2001-02-01,0.1227476533176658,0.0,1.3970946386267162,0.0,3544301
2001-03-01,0.14459713048195705,0.0,1.3575192536510905,0.0,3544301
2001-04-01,0.11682586695083619,0.0,1.4038638699553578,0.0,3544301
2001-05-01,0.11527218773004695,0.0,1.297638759777569,0.0,3544301
2001-06-01,0.11300449194117786,0.0,1.2374708123345326,0.0,3544301
2001-07-01,0.13155673461797376,0.0,1.2919148627014654,0.0,3544301
2001-08-01,0.0968009153743408,0.0,1.2598379177933687,0.0,3544301
2001-09-01,0.08686559481371961,0.0,1.3001025073479842,0.0,3544301
2001-10-01,0.08215932318032529,0.0,1.2887924045977888,0.0,3544301
2001-11-01,0.07371435974803138,0.0,1.2828383462543076,0.0,3544301
2001-12-01,0.09944568705199479,0.0,1.3699284201223356,0.0,3544301
2002-01-01,0.10048183999135007,0.0,1.258126752269053,0.0,3544301
2002-02-01,0.09911936116836785,0.0,1.3438442264477022,0.0,3544301
2002-03-01,0.11589518853446408,0.0,1.339106062991237,0.0,3544301
2002-04-01,0.09346558546404936,0.0,1.288146774676178,0.0,3544301
2002-05-01,0.09209269870998449,0.0,1.1763074407233003,0.0,3544301
2002-06-01,0.0900702776528061,0.0,1.3158289942880415,0.0,3544301
2002-07-01,0.10385130158171196,0.0,1.3153546441208803,0.0,3544301
2002-08-01,0.07604534103808282,0.0,1.2478818333674788,0.0,3544301
2002-09-01,0.0679805937811219,0.0,1.3608664963207178,0.0,3544301
2002-10-01,0.06388093430503441,0.0,1.2174119809544732,0.0,3544301
2002-11-01,0.05717347738631305,0.0,1.27315763631021,0.0,3544301
2002-12-01,0.07658073130453542,0.0,1.2836526878553907,0.0,3544301
2003-01-01,0.07687571302547,0.0,1.2440375106633708,0.0,3544301
2003-02-01,0.07545450202424703,0.0,1.242415298294268,0.0,3544301
2003-03-01,0.08736378664811022,0.0,1.340328862715849,0.0,3544301
2003-04-01,0.07015241818159898,0.0,1.2560675021051624,0.0,3544301
2003-05-01,0.06882878916495758,0.0,1.2643558807234956,0.0,3544301
2003-06-01,0.06694532834166074,0.0,1.3377357135011747,0.0,3544301
2003-07-01,0.07619404524716179,0.0,1.2448170728183927,0.0,3544301
2003-08-01,0.055337355859576685,0.0,1.2544036224951336,0.0,3544301
2003-09-01,0.04909358772868713,0.0,1.1743047862719755,0.0,3544301
2003-10-01,0.04565371657279119,0.0,1.1536364188137613,0.0,3544301
2003-11-01,0.04058263189034753,0.0,1.255981874658763,0.0,3544301
2003-12-01,0.053710486625708695,0.0,1.290961205542775,0.0,3544301
2004-01-01,0.0532926586532863,0.0,1.3030185807656234,0.0,3544301
2004-02-01,0.051754471213461266,0.0,1.2730412361134025,0.0,3544301
2004-03-01,0.05967986157032066,0.0,1.2835391733501993,0.0,3544301
2004-04-01,0.04695179402246758,0.0,1.2138745456013669,0.0,3544301
2004-05-01,0.045051591232874416,0.0,1.2496892941116717,0.0,3544301
2004-06-01,0.04286736777051362,0.0,1.2711087831322714,0.0,3544301
2004-07-01,0.048750839328678075,0.0,1.2224825029398263,0.0,3544301
2004-08-01,0.034771875991137804,0.0,1.192483859941273,0.0,3544301
2004-09-01,0.03013677566150412,0.0,1.1653809818132022,0.0,3544301
2004-10-01,0.027567576615245774,0.0,1.1751149500824951,0.0,3544301
2004-11-01,0.023723870457015524,0.0,1.29399355652722,0.0,3544301
2004-12-01,0.030777278312605853,0.0,1.3065757938241525,0.0,3544301
2005-01-01,0.029733763800776407,0.0,1.2149660753545677,0.0,3544301
2005-02-01,0.027876862869789052,0.0,1.1643933681773921,0.0,3544301
2005-03-01,0.031158734192144953,0.0,1.350510227271845,0.0,3544301
2005-04-01,0.023622939242948636,0.0,1.3327194016233392,0.0,3544301
2005-05-01,0.021777159918448388,0.0,1.252740068227248,0.0,3544301
2005-06-01,0.01974375231111938,0.0,1.2055635239349378,0.0,3544301
2005-07-01,0.0211135369039955,0.0,1.2892594936754498,0.0,3544301
2005-08-01,0.01406174380052093,0.0,1.256890446690542,0.0,3544301
2005-09-01,0.011247072005296014,0.0,1.253741211979411,0.0,3544301
2005-10-01,0.009335987173048286,0.0,1.1985403214187624,0.0,3544301
2005-11-01,0.007123982376437675,0.0,1.2023475778864063,0.0,3544301
2005-12-01,0.007912856912321386,0.0,1.2687071419943117,0.0,3544301
2006-01-01,0.0061530626668199395,0.0,1.2026320859524449,0.0,3544301
2006-02-01,0.0041785021816419365,0.0,1.2507685230458943,0.0,3544301
2006-03-01,0.0028097973866258725,0.0,1.171885475027555,0.0,3544301
2006-04-01,0.0003379010511473148,0.0,1.1904056311695546,0.0,3544301
2006-05-01,0.0,0.0,1.136925843172849,0.0,3544301
2006-06-01,0.0,0.0,1.2159873053439545,0.0,3544301
2006-07-01,0.0,0.0,1.2740707914556912,0.0,3544301
2006-08-01,0.0,0.0,1.2001148550793466,0.0,3544301
2006-09-01,0.0,0.0,1.1947632650363578,0.0,3544301
2006-10-01,0.0,0.0,1.232985376766948,0.0,3544301
2006-11-01,0.0,0.0,1.1466468495722866,0.0,3544301
2006-12-01,0.0,0.0,1.2614959503901855,0.0,3544301
2007-01-01,0.0,0.0,1.1031809543656914,0.0,3544301
2007-02-01,0.0,0.0,1.2089826970980937,0.0,3544301
2007-03-01,0.0,0.0,1.2579107728818493,0.0,3544301
2007-04-01,0.0,0.0,1.1199084840726816,0.0,3544301
2007-05-01,0.0,0.0,1.2389455923506796,0.0,3544301
2007-06-01,0.0,0.0,1.2058770116030029,0.0,3544301
2007-07-01,0.0,0.0,1.2081319682215765,0.0,3544301
2007-08-01,0.0,0.0,1.1485665511348564,0.0,3544301
2007-09-01,0.0,0.0,1.1399237946416014,0.0,3544301
2007-10-01,0.0,0.0,1.1334387464823164,0.0,3544301
2007-11-01,0.0,0.0,1.1595985823275692,0.0,3544301
2007-12-01,0.0,0.0,1.083756350936385,0.0,3544301
2008-01-01,0.0,0.0,1.1978772803272042,0.0,3544301
2008-02-01,0.0,0.0,1.1199832980961273,0.0,3544301
2008-03-01,0.0,0.0,1.176101001344825,0.0,3544301
2008-04-01,0.0,0.0,1.2185211697456977,0.0,3544301
2008-05-01,0.0,0.0,1.138939664389581,0.0,3544301
2008-06-01,0.0,0.0,1.1240678584909558,0.0,3544301
2008-07-01,0.0,0.0,1.2288734647231345,0.0,3544301
2008-08-01,0.0,0.0,1.1698958142855715,0.0,3544301
2008-09-01,0.0,0.0,1.0940279438487848,0.0,3544301
2008-10-01,0.0,0.0,1.1275139404033003,0.0,3544301
2008-11-01,0.0,0.0,1.2127092963750927,0.0,3544301
2008-12-01,0.0,0.0,1.2544807237018183,0.0,3544301
2009-01-01,0.0,0.0,1.2620839919627136,0.0,3544301
2009-02-01,0.0,0.0,1.0992423623019087,0.0,3544301
2009-03-01,0.0,0.0,1.075649663913455,0.0,3544301
2009-04-01,0.0,0.0,1.1136822604268481,0.0,3544301
2009-05-01,0.0,0.0,1.140697071950712,0.0,3544301
2009-06-01,0.0,0.0,1.1274160834638025,0.0,3544301
2009-07-01,0.0,0.0,1.0834940613191413,0.0,3544301
2009-08-01,0.0,0.0,1.0729628453321567,0.0,3544301
2009-09-01,0.0,0.0,1.1572459223089244,0.0,3544301
2009-10-01,0.0,0.0,1.1375083869616371,0.0,3544301
2009-11-01,0.0,0.0,1.161032394964533,0.0,3544301
2009-12-01,0.0,0.0,1.131042661407989,0.0,3544301
2010-01-01,0.0,0.0,1.0517783643398186,0.0,3544301
2010-02-01,0.0,0.0,1.132109911638837,0.0,3544301
2010-03-01,0.0,0.0,1.0929835641227679,0.0,3544301
2010-04-01,0.0,0.0,1.0902343615865593,0.0,3544301
2010-05-01,0.0,0.0,1.017111385624219,0.0,3544301
2010-06-01,0.0,0.0,1.045209842312585,0.0,3544301
2010-07-01,0.0,0.0,1.0007533595389364,0.0,3544301
2010-08-01,0.0,0.0,1.109636003588316,0.0,3544301
2010-09-01,0.0,0.0,1.174632108921309,0.0,3544301
2010-10-01,0.0,0.0,1.0987003590309752,0.0,3544301
2010-11-01,0.0,0.0,1.1737186904691217,0.0,3544301
2010-12-01,0.0,0.0,1.1768009765267593,0.0,3544301
2011-01-01,0.0,0.0,1.0354036164962954,0.0,3544301
2011-02-01,0.0,0.0,1.0139155085019664,0.0,3544301
2011-03-01,0.0,0.0,1.0474099689107716,0.0,3544301
2011-04-01,0.0,0.0,1.0038630901060828,0.0,3544301
2011-05-01,0.0,0.0,1.1039791560399266,0.0,3544301
2011-06-01,0.0,0.0,1.0208998834842755,0.0,3544301
2011-07-01,0.0,0.0,1.003411648878476,0.0,3544301
2011-08-01,0.0,0.0,1.0683275060504782,0.0,3544301
2011-09-01,0.0,0.0,1.1839548406241232,0.0,3544301
2011-10-01,0.0,0.0,1.0241068787704193,0.0,3544301
2011-11-01,0.0,0.0,1.1628532059879917,0.0,3544301
2011-12-01,0.0,0.0,1.1137301502797212,0.0,3544301
2012-01-01,0.0,0.0,1.0460459940719267,0.0,3544301
2012-02-01,0.0,0.0,1.0973574795756988,0.0,3544301
2012-03-01,0.0,0.0,0.9937549159409433,0.0,3544301
2012-04-01,0.0,0.0,1.0515117996512895,0.0,3544301
2012-05-01,0.0,0.0,1.046105892169292,0.0,3544301
2012-06-01,0.0,0.0,1.0989193738067229,0.0,3544301
2012-07-01,0.0,0.0,0.979002046599476,0.0,3544301
2012-08-01,0.0,0.0,0.9859252061206418,0.0,3544301
2012-09-01,0.0,0.0,1.1086431081477723,0.0,3544301
2012-10-01,0.0,0.0,1.045308175899024,0.0,3544301
2012-11-01,0.0,0.0,1.1049524665726662,0.0,3544301
2012-12-01,0.0,0.0,1.0491168482389073,0.0,3544301
2013-01-01,0.0,0.0,0.9884448844832612,0.0,3544301
2013-02-01,0.0,0.0,1.0269891844925985,0.0,3544301
2013-03-01,0.0,0.0,0.924594537096364,0.0,3544301
2013-04-01,0.0,0.0,0.9463149345993658,0.0,3544301
2013-05-01,0.0,0.0,1.019825279597514,0.0,3544301
2013-06-01,0.0,0.0,0.9587967957189772,0.0,3544301
2013-07-01,0.0,0.0,1.0037499382055506,0.0,3544301
2013-08-01,0.0,0.0,0.9701361906615658,0.0,3544301
2013-09-01,0.0,0.0,1.1114165396595086,0.0,3544301
2013-10-01,0.0,0.0,1.0496665115912749,0.0,3544301
2013-11-01,0.0,0.0,1.0125001517799084,0.0,3544301
2013-12-01,0.0,0.0,1.0020110456623657,0.0,3544301
2014-01-01,0.0,0.0,1.1162827109287354,0.0,3544301
2014-02-01,0.0,0.0,1.0453541216079718,0.0,3544301
2014-03-01,0.0,0.0,0.9580467398209307,0.0,3544301
2014-04-01,0.0,0.0,0.9446271619103231,0.0,3544301
2014-05-01,0.0,0.0,1.0181953258627923,0.0,3544301
2014-06-01,0.0,0.0,1.073161823297128,0.0,3544301
2014-07-01,0.0,0.0,1.0682521141390684,0.0,3544301
2014-08-01,0.0,0.0,1.1016199037187433,0.0,3544301
2014-09-01,0.0,0.0,1.1104706675812754,0.0,3544301
2014-10-01,0.0,0.0,1.0297907526566337,0.0,3544301
2014-11-01,0.0,0.0,1.045142239882619,0.0,3544301
2014-12-01,0.0,0.0,1.1206724369520384,0.0,3544301
2015-01-01,0.0,0.0,1.0835800616175966,0.0,3544301
2015-02-01,0.0,0.0,0.9749625419754607,0.0,3544301
2015-03-01,0.0,0.0,1.0410620419329513,0.0,3544301
2015-04-01,0.0,0.0,0.9197400701980586,0.0,3544301
2015-05-01,0.0,0.0,0.888919727697188,0.0,3544301
2015-06-01,0.0,0.0,1.083068949884995,0.0,3544301
2015-07-01,0.0,0.0,0.9462234708543793,0.0,3544301
2015-08-01,0.0,0.0,1.0460769961141,0.0,3544301
2015-09-01,0.0,0.0,1.0144664489295734,0.0,3544301
2015-10-01,0.0,0.0,1.0312010641329408,0.0,3544301
2015-11-01,0.0,0.0,1.041989079810153,0.0,3544301
2015-12-01,0.0,0.0,1.041466320688983,0.0,3544301
2016-01-01,0.0,0.0,1.0796167387793663,0.0,3544301
2016-02-01,0.0,0.0,1.0527291350339045,0.0,3544301
2016-03-01,0.0,0.0,0.9929864134614086,0.0,3544301
2016-04-01,0.0,0.0,1.0445612488295763,0.0,3544301
2016-05-01,0.0,0.0,0.8641305898767464,0.0,3544301
2016-06-01,0.0,0.0,1.02299323782742,0.0,3544301
2016-07-01,0.0,0.0,0.9100364494593225,0.0,3544301
2016-08-01,0.0,0.0,0.8617691620312213,0.0,3544301
2016-09-01,0.0,0.0,1.0191552145847405,0.0,3544301
2016-10-01,0.0,0.0,0.9678073729415554,0.0,3544301
2016-11-01,0.0,0.0,1.095069276394551,0.0,3544301
2016-12-01,0.0,0.0,0.9711287595673168,0.0,3544301
2017-01-01,0.0,0.0,0.9891919365439649,0.0,3544301
2017-02-01,0.0,0.0,0.8821179074094745,0.0,3544301
2017-03-01,0.0,0.0,0.8688406717926801,0.0,3544301
2017-04-01,0.0,0.0,0.8224408833078937,0.0,3544301
2017-05-01,0.0,0.0,0.9296029061150659,0.0,3544301
2017-06-01,0.0,0.0,0.9791977569197249,0.0,3544301
2017-07-01,0.0,0.0,0.8505310928490358,0.0,3544301
2017-08-01,0.0,0.0,0.9814098505359946,0.0,3544301
2017-09-01,0.0,0.0,1.0393867309672236,0.0,3544301
2017-10-01,0.0,0.0,0.9779630021044003,0.0,3544301
2017-11-01,0.0,0.0,1.073503728941306,0.0,3544301
2017-12-01,0.0,0.0,1.0728158818965678,0.0,3544301
2018-01-01,0.0,0.0,0.9665710320280131,0.0,3544301
2018-02-01,0.0,0.0,0.9290423327711933,0.0,3544301
2018-03-01,0.0,0.0,0.8319732046576008,0.0,3544301
2018-04-01,0.0,0.0,0.9959566464456392,0.0,3544301
2018-05-01,0.0,0.0,0.9532611457197803,0.0,3544301
2018-06-01,0.0,0.0,0.9464647166560624,0.0,3544301
2018-07-01,0.0,0.0,0.8590492979428074,0.0,3544301
2018-08-01,0.0,0.0,0.8990729133748954,0.0,3544301
2018-09-01,0.0,0.0,0.95745353343264,0.0,3544301
2018-10-01,0.0,0.0,0.9646250450601278,0.0,3544301
2018-11-01,0.0,0.0,1.0067061763880125,0.0,3544301
2018-12-01,0.0,0.0,0.8369570673480481,0.0,3544301
2019-01-01,0.0,0.0,1.1130073138366274,0.0,3544301
2019-02-01,0.08460919045441748,0.0,1.2475897650215757,0.0,3544301
2019-03-01,0.3067629662685223,0.0,1.4436544738086985,0.0,3544301
2019-04-01,0.441901286982855,0.0,1.5519291022138486,0.0,3544301
2019-05-01,0.6298301985103355,0.0,1.729853309445367,0.0,3544301
2019-06-01,0.8214210502405739,0.0,2.0637928112657993,0.0,3544301
2019-07-01,1.1787993615545562,0.0,2.3987383476259194,0.0,3544301
2019-08-01,1.0505652725118575,0.0,2.2834799647856507,0.0,3544301
2019-09-01,1.1158083507280137,0.0,2.396229366506548,0.0,3544301
2019-10-01,1.2140020623707326,0.04170269192579471,2.4578668949504827,0.0,3544301
2019-11-01,1.2523026330071059,0.04343220017028192,2.4549625289101957,0.0,3544301
2019-12-01,1.89494979041802,0.746201273545901,3.1337273233602665,0.0,3544301
2020-01-01,2.141743740072886,0.9137238653463771,3.453002914546788,0.0,3544301
2020-02-01,2.353713363664241,1.2577049748868954,3.563170994064959,0.0,3544301
2020-03-01,3.032617253739034,1.7902012043677642,4.282899458647169,0.0,3544301
2020-04-01,2.6755261127403704,1.5377298504376904,3.8282005867312474,0.0,3544301
2020-05-01,2.859500705127393,1.788139621947702,4.132973744720129,0.0,3544301
2020-06-01,3.034216773431863,1.706412664495416,4.239456888588666,0.0,3544301
2020-07-01,3.8281722225682753,2.6759407709147887,5.0063040398338154,0.0,3544301
2020-08-01,3.036385143692439,1.8797193310896017,4.229830161219663,0.0,3544301
2020-09-01,2.9250003944259806,1.7024563158180268,4.11920629466242,0.0,3544301
2020-10-01,2.9640230873026265,1.803494756995785,4.241603209763201,0.0,3544301
2020-11-01,2.8372082676650976,1.6402414095868003,4.1291026437345,0.0,3544301
2020-12-01,4.08503171522075,2.8842467675579977,5.3278587123998955,0.0,3544301
2021-01-01,4.403610015200799,3.303001496160543,5.650576926310935,0.0,3544301
2021-02-01,4.619027761320257,3.4565092772887906,5.836463858133878,0.0,3544301
2021-03-01,5.7307227039635675,4.355451665671409,6.859527005444464,9.184423218221896,3544301
2021-04-01,4.897378569579827,3.722249993606436,6.073202643060648,0.0,3544301
2021-05-01,5.09612462155632,3.909346190339587,6.199695759069162,0.0,3544301
2021-06-01,5.27239023836015,4.060801227374924,6.429149653502383,0.0,3544301
2021-07-01,6.460423733170795,5.274647650640186,7.68202055753181,9.184423218221896,3544301
2021-08-01,5.0075735928806235,3.8717353676896678,6.261102355417429,0.0,3544301
2021-09-01,4.729890665012492,3.5237932983542173,5.965225187786019,0.0,3544301
2021-10-01,4.69790201096938,3.481761497023842,5.913281052932437,0.0,3544301
2021-11-01,4.430784139406824,3.1282121991052336,5.679895152986999,0.0,3544301
2021-12-01,6.269951287472974,5.083868946941738,7.427046745020574,0.0,3544301
2022-01-01,6.652673077088894,5.398004385156106,7.890613206573714,0.0,3544301
2022-02-01,6.888282555052807,5.591775189570352,8.102273701280433,0.0,3544301
2022-03-01,8.411767401623935,7.241367046519507,9.65903772856148,0.0,3544301
2022-04-01,7.115995519439188,5.890705925097416,8.330376990223819,0.0,3544301
2022-05-01,7.34167262005936,6.176632643569297,8.560602478142846,0.0,3544301
2022-06-01,7.5286451630006805,6.356094048066922,8.729030411731028,0.0,3544301
2022-07-01,9.08630902713501,7.848234218319297,10.322510523186345,0.0,3544301
2022-08-01,6.97442258389284,5.795695488730588,8.184972661618458,0.0,3544301
2022-09-01,6.535232826610845,5.378677202529223,7.6698382226526745,0.0,3544301
2022-10-01,6.427337812252353,5.279096486127853,7.701424783352749,0.0,3544301
2022-11-01,6.030072202409547,4.823884296522509,7.208738842125232,0.0,3544301
2022-12-01,8.454744683778191,7.287878308728082,9.620947040248526,9.270418095856122,3544301
2023-01-01,8.899269369367712,7.6016322501465465,10.104855191521079,9.270418095856122,3544301
2023-02-01,9.160695096727455,8.026643802948172,10.332571641975463,9.270418095856122,3544301
2023-03-01,11.075224725993642,9.884663973353309,12.25704873901262,9.270418095856122,3544301
2023-04-01,9.332289565343766,8.12382435256603,10.515608121488576,9.270418095856122,3544301
2023-05-01,9.596738750388694,8.46452920174023,10.827564419505993,9.270418095856122,3544301
2023-06-01,9.802848932230775,8.651763698285297,11.03974857950928,9.270418095856122,3544301
2023-07-01,11.70458160974788,10.556228290080144,12.835186952557128,9.270418095856122,3544301
2023-08-01,8.937102264387894,7.789929290685289,10.222508200174868,9.270418095856122,3544301
2023-09-01,8.34122188590115,7.164753103686683,9.526743689994756,9.270418095856122,3544301
2023-10-01,8.152656091878612,6.940655005986932,9.375135670287587,9.270418095856122,3544301
2023-11-01,7.635722276769545,6.4446887530733115,8.823831097174729,9.270418095856122,3544301
2023-12-01,10.638945191200115,9.43999573847271,11.94275210041367,9.270418095856122,3544301
2024-01-01,11.143210423325998,9.942143093575627,12.30600890905805,,3544301
2024-02-01,11.436111252514749,10.26859983005266,12.694089460188339,,3544301
2024-03-01,13.902193127453424,12.56780380428116,15.0997684456487,,3544301
2024-04-01,11.587445023355981,10.394637090596346,12.738461173884296,,3544301
2024-05-01,11.77446966251698,10.494304411780652,13.033685785167762,,3544301
2024-06-01,11.906945883703399,10.672372503700572,13.13493300852226,,3544301
2024-07-01,14.388502742571118,13.20586182469112,15.627057406632995,,3544301
2024-08-01,10.949339850517099,9.596469039010628,12.120825896205504,,3544301
2024-09-01,10.148264275147772,8.97570683812102,11.355516279209857,,3544301
2024-10-01,9.93040040360543,8.747656164691563,11.199949699831985,,3544301
2024-11-01,9.188780181780984,8.05685979011607,10.361281435823267,,3544301
2024-12-01,12.828158953971663,11.636535470111097,14.038663772625561,,3544301
2025-01-01,13.419159579261716,12.218755105662854,14.55442199277046,,3544301
2025-02-01,13.681907913325418,12.489555001801953,14.94633006167415,,3544301
2025-03-01,16.567341704513048,15.319522423224202,17.69157393198857,,3544301
2025-04-01,13.800930385027888,12.575299978811573,15.0009141453724,,3544301
2025-05-01,14.027580559303884,12.721285828977171,15.221061670217981,,3544301
2025-06-01,14.18146516074804,12.880769816300964,15.367047621644314,,3544301
2025-07-01,17.01091634963493,15.861814702985193,18.258261604857136,,3544301
2025-08-01,12.91153741146991,11.705265793371467,14.069744705269848,,3544301
2025-09-01,11.953628473711884,10.700609844604754,13.085948033989595,,3544301
2025-10-01,11.654619462905213,10.459855860290947,12.903475710202773,,3544301
2025-11-01,10.792075401005658,9.555720331258964,11.939818579570458,,3544301
2025-12-01,15.013962485232534,13.693320618700335,16.19777272543232,,3544301
2026-01-01,15.663777647943729,14.35779233340979,16.92767051571761,,3544301
2026-02-01,15.957858692917917,14.672749033071591,17.15779798019396,,3544301
2026-03-01,19.21466719863848,17.938934465912578,20.525402198185162,,3544301
2026-04-01,16.012361893353155,14.690176167969621,17.20394185803593,,3544301
2026-05-01,16.290451990466384,15.033051372361525,17.50246035038773,,3544301
2026-06-01,16.473972022789678,15.190347787334039,17.710482762464355,,3544301
2026-07-01,19.625281190287964,18.295294296619115,20.972470162016588,,3544301
2026-08-01,14.869568609394399,13.626678875687643,16.055171652505837,,3544301
2026-09-01,13.759682336174723,12.504251891353537,15.051174789531151,,3544301
2026-10-01,13.374809938884235,12.061827781254017,14.569941528645444,,3544301
2026-11-01,12.40198717277302,11.097083204490144,13.633964532237023,,3544301
2026-12-01,17.19905253944583,15.971318870888526,18.366711865857965,,3544301
2027-01-01,17.905680193591046,16.51381351930045,19.0870192135621,,3544301
2027-02-01,18.23678100300002,16.95028031261952,19.518176472275645,,3544301
2027-03-01,21.843686485718038,20.49549870404466,23.30807092319011,,3544301
2027-04-01,18.22267784370506,16.943009622314115,19.573344739906425,,3544301
2027-05-01,18.56364730226713,17.12718935348286,19.789542643834615,,3544301
2027-06-01,18.784276814220117,17.474341624004968,20.142734301748607,,3544301
2027-07-01,22.230363857941217,20.788115822319277,23.67122590475522,,3544301
2027-08-01,16.82363925626389,15.496793595870562,18.210091383997273,,3544301
2027-09-01,15.566635421074329,14.218175475934311,16.845922699782367,,3544301
2027-10-01,15.091310121386723,13.784759332579505,16.376489909484036,,3544301
2027-11-01,14.019141920532263,12.6441765809075,15.357117329072178,,3544301
2027-12-01,19.382940591982198,18.00379691446463,20.66682055196861,,3544301
2028-01-01,20.144677106579053,18.624701835529756,21.561602122870667,,3544301
2028-02-01,20.518509141365,19.035002841152863,22.009828036401366,,3544301
2028-03-01,24.771769001167097,23.1749804020768,26.261665011702565,,3544301
2028-04-01,20.499363933971896,19.001566645920587,21.862955872959215,,3544301
2028-05-01,20.689438619907023,19.294513206031603,22.275241901798257,,3544301
2028-06-01,20.779674993974453,19.275702700613202,22.319958329885424,,3544301
2028-07-01,24.9488332625738,23.363972432944564,26.520265766331967,,3544301
2028-08-01,18.86229455734166,17.34819463824129,20.284931670837018,,3544301
2028-09-01,17.37152815586938,15.968129014329493,18.689769445286366,,3544301
2028-10-01,16.89677771990828,15.410505403248441,18.205460653736118,,3544301
2028-11-01,15.540352095897456,14.190207701935345,16.90395000433103,,3544301
2028-12-01,21.571286192722507,20.052091344315578,23.087573567376705,,3544301
2029-01-01,22.43470914332327,20.66694562850453,23.953163517962768,,3544301
2029-02-01,22.74478806533058,21.035087333084302,24.316062927583857,,3544301
2029-03-01,27.403960705063653,25.673444707806862,29.147569720979327,,3544301
2029-04-01,22.704482200476555,20.904171401509004,24.38734690566436,,3544301
2029-05-01,22.95903649705194,21.232111468959967,24.460796258883992,,3544301
2029-06-01,23.09054008313671,21.33895170048823,24.739101405049283,,3544301
2029-07-01,27.561408966099354,25.6652827370854,29.30470637358334,,3544301
2029-08-01,20.815501230058935,19.102489658204146,22.390004343668796,,3544301
2029-09-01,19.17736628241124,17.635861400504638,20.63528828910104,,3544301
2029-10-01,18.61133691484128,17.149737254814674,20.11069174379174,,3544301
2029-11-01,17.15336666260475,15.675599507285355,18.652444672376014,,3544301
2029-12-01,23.757973682992045,21.916835196163092,25.4417599771931,,3544301
2030-01-01,24.674882218799,22.905335587685656,26.4123159943796,,3544301
2030-02-01,25.027434830784518,23.09586579846406,26.7845522813095,,3544301
2030-03-01,30.017566995653063,27.899220095816688,31.928710364482896,,3544301
2030-04-01,24.90872826726768,22.88585407493126,26.706270980355825,,3544301
2030-05-01,25.239231360872854,23.309339611313746,27.143997561101823,,3544301
2030-06-01,25.419298882578,23.413466601246128,27.278234040833613,,3544301
2030-07-01,30.164253353440884,27.81194999513373,32.21793315224794,,3544301
2030-08-01,22.7647146348958,20.88955333647622,24.549309392956154,,3544301
2030-09-01,20.98413184573976,19.13638345609634,22.76109355987266,,3544301
2030-10-01,20.322282065516298,18.521983480907345,22.090495943270902,,3544301
2030-11-01,18.77390214313658,17.132177556388484,20.42256725895628,,3544301
2030-12-01,25.943360395112776,24.026293509453307,28.02361423408059,,3544301
2031-01-01,26.91209101781376,24.78869012251099,28.886778542269,,3544301
2031-02-01,27.312866909272845,25.048665740130847,29.40092728465793,,3544301
2031-03-01,32.61214824544363,30.052306449806828,34.851609369073394,,3544301
2031-04-01,27.113066122065494,24.737743492359876,29.059192049307768,,3544301
2031-05-01,27.530555854146407,25.349325185867087,29.649419634248353,,3544301
2031-06-01,27.76570469621092,25.59103330503508,29.73101982747859,,3544301
2031-07-01,32.756146106134636,30.104393417363724,35.144277283818454,,3544301
2031-08-01,24.710176248139952,22.577834761459183,26.624845255853252,,3544301
2031-09-01,22.792048956247992,20.668382398545873,24.651447649017065,,3544301
2031-10-01,22.0299641508946,19.944744881374696,23.81224203541794,,3544301
2031-11-01,20.40256156429451,18.46678251734022,22.323873875954902,,3544301
2031-12-01,28.12693599276455,25.732184798639885,30.32889095581074,,3544301
2032-01-01,29.146143789833094,26.544297119768935,31.50256233752749,,3544301
2032-02-01,29.600907030215126,26.943080167286425,31.92297612808742,,3544301
2032-03-01,35.641344874881995,32.570333245797244,38.283456286205535,,3544301
2032-04-01,29.411282844587166,26.69060307262791,31.738501841540526,,3544301
2032-05-01,29.604407577297593,26.971438844227638,32.00451987630085,,3544301
2032-06-01,29.652404104246497,26.89291632852689,32.0493557736318,,3544301
2032-07-01,35.50916378257673,32.40659567792808,38.14898916408178,,3544301
2032-08-01,26.775249264166668,24.305826508285975,29.015288588759027,,3544301
2032-09-01,24.594792036591354,22.160056018177222,26.69129085799954,,3544301
2032-10-01,23.86315503621064,21.50155241168671,25.907504452062696,,3544301
2032-11-01,21.891924010013344,19.615601806790355,23.839359524242838,,3544301
2032-12-01,30.31441343147312,27.458109712283424,32.88376074873589,,3544301
2033-01-01,31.450258707384098,28.35884412469121,33.86764666336432,,3544301
2033-02-01,31.807668217335898,28.93616579521438,34.38226774045175,,3544301
2033-03-01,38.24057970561174,34.75794186361955,41.24906392524985,,3544301
2033-04-01,31.608034015923856,28.59007961831011,34.40124544200471,,3544301
2033-05-01,31.89049243479875,28.799161113264343,34.632058479652436,,3544301
2033-06-01,31.99961500552393,28.85960154961466,34.87236561801927,,3544301
2033-07-01,38.11190158256296,34.41884445134288,41.33492742842041,,3544301
2033-08-01,28.719465048647464,25.843835333066846,31.29236487745692,,3544301
2033-09-01,26.401104091110003,23.677563892423432,28.761972803325218,,3544301
2033-10-01,25.56805436677754,22.99045874385879,28.019259232827327,,3544301
2033-11-01,23.514657924203338,21.025983573458394,25.835367016387938,,3544301
2033-12-01,32.5019848807513,29.134941702408472,35.29568429115452,,3544301
2034-01-01,33.68598678965427,30.308045168475257,36.666000435340365,,3544301
2034-02-01,34.097010968650025,30.697761510189395,37.12788018583639,,3544301
2034-03-01,40.820466792668064,36.57142584323594,44.31302512253077,,3544301
2034-04-01,33.80509464118163,30.28504961016555,36.82612342971939,,3544301
2034-05-01,34.18801073127887,30.570688668744147,37.32694585352114,,3544301
2034-06-01,34.36462574236948,30.74630053432312,37.45088005023101,,3544301
2034-07-01,40.703225516594195,36.52152904272584,44.548396351022426,,3544301
2034-08-01,30.65986066039772,27.45529235600751,33.42182259036435,,3544301
2034-09-01,28.208581355302726,25.199490823919778,30.981113452403804,,3544301
2034-10-01,27.26975419214809,24.32521809571443,29.90595887130014,,3544301
2034-11-01,25.145817113499586,22.339922942283128,27.724179655692218,,3544301
2034-12-01,34.68766825078054,30.953885819603137,37.983784776285745,,3544301
2035-01-01,35.9185018420373,32.116821478467266,39.29564776786015,,3544301
2035-02-01,36.38895281554575,32.581409382277926,39.96385289590998,,3544301
2035-03-01,43.38061000516925,38.80126513209739,47.44181686943535,,3544301
2035-04-01,36.003454400426605,31.754429639385105,39.5358070129783,,3544301
2035-05-01,36.497464406023894,32.53253322922362,40.155496798315156,,3544301
2035-06-01,36.74713257820116,32.83694380497221,40.23549589803989,,3544301
2035-07-01,43.281928354328464,38.43118580412875,47.45707933710925,,3544301
2035-08-01,32.59671324001652,28.855631165615176,36.007763912073685,,3544301
2035-09-01,30.017462491420154,26.643379388985874,33.01198415821726,,3544301
2035-10-01,28.968618180401872,25.64254188450241,31.990131221795068,,3544301
2035-11-01,26.785981208057144,23.63812720255068,29.64234330557966,,3544301
2035-12-01,36.87093139354618,32.54743470494398,40.55696182143472,,3544301
2036-01-01,38.14761047308427,33.861006278614724,42.04907411911353,,3544301
2036-02-01,38.68330491906592,34.25893947813352,42.50040768243305,,3544301
2036-03-01,46.510920748597165,41.13248658696776,51.36897769973339,,3544301
2036-04-01,38.32320175520227,33.771975235073754,42.252161477325934,,3544301
2036-05-01,38.51937653468653,33.96607457691562,42.39560316272888,,3544301
2036-06-01,38.52513321451877,34.08584069797154,42.35596843950712,,3544301
2036-07-01,46.06949430257995,40.718437918144716,50.5373990361069,,3544301
2036-08-01,34.68820397099087,30.53558717640974,38.23702873360742,,3544301
2036-09-01,31.81805591731167,27.82730057898255,35.32799304069696,,3544301
2036-10-01,30.82953235251317,27.033006158931762,34.149044594375006,,3544301
2036-11-01,28.24349592412945,24.644356065228678,31.48195075943331,,3544301
2036-12-01,39.05754067022359,34.3450425326355,43.116044247383286,,3544301
2037-01-01,40.46580827144507,35.511885632604816,44.743722782034006,,3544301
2037-02-01,40.870548369341684,35.63279067850969,45.106067805552044,,3544301
2037-03-01,49.0771987061617,43.26332066142068,54.1922455276799,,3544301
2037-04-01,40.511585831372734,35.40473710822563,44.85149792214279,,3544301
